{"sari": [59.59986963313521, 61.3921686061684, 97.39583333333334, 25.688882602378584, 58.52237058677511, 40.527319817023645], "bleu": [65.5978137416915, 78.02690687244164, 100.0, 15.336785684505, 73.19655311700218, 52.634858175285274], "bertscore": [0.9639191031455994, 0.9785581231117249, 1.0, 0.9221909046173096, 0.9726196527481079, 0.9444311857223511], "complexity estimation": [1.3388947368421054, 1.1153628318584068, 0.9790625, 0.48550000000000004, 1.1851764705882353, 1.1162692307692308], "reading time estimation": [21.828, 18.785999999999998, 17.72, 9.296, 19.721999999999998, 19.904]}